Workbook

Sheet Risk Register
A1: Risk ID | B1: Asset / Process | C1: Risk Statement | D1: Threat / Event | E1: Vulnerability / Cause | F1: Inherent Likelihood | G1: Inherent Impact | H1: Inherent Score | I1: Inherent Rating | J1: Existing Control Evidence | K1: Current Residual Likelihood | L1: Current Residual Impact | M1: Current Residual Score | N1: Current Residual Rating | O1: Treatment | P1: Treatment Action | Q1: Proposed Owner | R1: Target Timeline | S1: Target Likelihood | T1: Target Impact | U1: Target Residual Score | V1: Target Residual Rating | W1: Status
A2: R01 | B2: Customer / Transaction Data | C2: Weak or inconsistently governed access could allow unauthorized access to customer or transaction information, causing confidentiality breach, fraud exposure and loss of trust. | D2: Unauthorized access / account misuse | E2: Incomplete access governance and unverified access-review effectiveness | F2: 4 | G2: 5 | H2: =F2*G2 -> 20 | I2: =IF(H2<=4,"Low",IF(H2<=9,"Moderate",IF(H2<=14,"High","Critical"))) -> Critical | J2: No verified control-effectiveness evidence provided in the case study. | K2: 4 | L2: 5 | M2: =K2*L2 -> 20 | N2: =IF(M2<=4,"Low",IF(M2<=9,"Moderate",IF(M2<=14,"High","Critical"))) -> Critical | O2: Mitigate | P2: Implement role-based access, identity lifecycle controls, secure authentication/MFA, periodic access reviews and security logging. | Q2: IT/Security + Business Owners | R2: Months 2-4 | S2: 2 | T2: 5 | U2: =S2*T2 -> 10 | V2: =IF(U2<=4,"Low",IF(U2<=9,"Moderate",IF(U2<=14,"High","Critical"))) -> High | W2: Open
A3: R02 | B3: User Identities / Endpoints | C3: Irregular security awareness may enable phishing or social engineering, resulting in credential compromise and unauthorized system access. | D3: Phishing / social engineering | E3: Irregular security awareness training | F3: 4 | G3: 4 | H3: =F3*G3 -> 16 | I3: =IF(H3<=4,"Low",IF(H3<=9,"Moderate",IF(H3<=14,"High","Critical"))) -> Critical | J3: Training exists but is irregular; effectiveness evidence is not provided. | K3: 4 | L3: 4 | M3: =K3*L3 -> 16 | N3: =IF(M3<=4,"Low",IF(M3<=9,"Moderate",IF(M3<=14,"High","Critical"))) -> Critical | O3: Mitigate | P3: Formalize awareness training, phishing education, event reporting and strong authentication. | Q3: GRC/HR + IT | R3: Months 2-3 | S3: 2 | T3: 4 | U3: =S3*T3 -> 8 | V3: =IF(U3<=4,"Low",IF(U3<=9,"Moderate",IF(U3<=14,"High","Critical"))) -> Moderate | W3: Open
A4: R03 | B4: Third-Party Services | C4: Inconsistent supplier security checks may allow a vulnerable or poorly controlled third party to compromise NovaPay information or services. | D4: Supplier compromise / service failure | E4: Inconsistent third-party security due diligence and monitoring | F4: 3 | G4: 5 | H4: =F4*G4 -> 15 | I4: =IF(H4<=4,"Low",IF(H4<=9,"Moderate",IF(H4<=14,"High","Critical"))) -> Critical | J4: Third-party checks occur but are inconsistent; no effectiveness evidence is provided. | K4: 3 | L4: 5 | M4: =K4*L4 -> 15 | N4: =IF(M4<=4,"Low",IF(M4<=9,"Moderate",IF(M4<=14,"High","Critical"))) -> Critical | O4: Mitigate / Share | P4: Tier suppliers by risk; perform due diligence; include security clauses; monitor critical suppliers and cloud services. | Q4: GRC/Procurement/IT | R4: Months 2-4 | S4: 2 | T4: 5 | U4: =S4*T4 -> 10 | V4: =IF(U4<=4,"Low",IF(U4<=9,"Moderate",IF(U4<=14,"High","Critical"))) -> High | W4: Open
A5: R04 | B5: Information Assets | C5: Without a formal asset inventory, critical assets may be unmanaged, unowned or incorrectly protected, increasing the likelihood of loss or exposure. | D5: Asset loss / unmanaged exposure | E5: No formal asset inventory or validated ownership | F5: 3 | G5: 4 | H5: =F5*G5 -> 12 | I5: =IF(H5<=4,"Low",IF(H5<=9,"Moderate",IF(H5<=14,"High","Critical"))) -> High | J5: No formal asset inventory exists. | K5: 3 | L5: 4 | M5: =K5*L5 -> 12 | N5: =IF(M5<=4,"Low",IF(M5<=9,"Moderate",IF(M5<=14,"High","Critical"))) -> High | O5: Mitigate | P5: Create asset inventory; assign owners; classify information; define acceptable-use and lifecycle requirements. | Q5: IT/GRC + Asset Owners | R5: Weeks 2-6 | S5: 2 | T5: 4 | U5: =S5*T5 -> 8 | V5: =IF(U5<=4,"Low",IF(U5<=9,"Moderate",IF(U5<=14,"High","Critical"))) -> Moderate | W5: Open
A6: R05 | B6: Payment Application / Source Code | C6: Inadequate secure-development governance may introduce exploitable defects or unauthorized code changes into the payment service. | D6: Application exploitation / unauthorized code change | E6: Secure SDLC and security-testing evidence not provided | F6: 3 | G6: 5 | H6: =F6*G6 -> 15 | I6: =IF(H6<=4,"Low",IF(H6<=9,"Moderate",IF(H6<=14,"High","Critical"))) -> Critical | J6: Current secure-development control evidence is not provided. | K6: 3 | L6: 5 | M6: =K6*L6 -> 15 | N6: =IF(M6<=4,"Low",IF(M6<=9,"Moderate",IF(M6<=14,"High","Critical"))) -> Critical | O6: Mitigate | P6: Establish secure SDLC, application security requirements, secure coding, security testing and controlled changes. | Q6: Engineering + Security | R6: Months 2-4 | S6: 2 | T6: 5 | U6: =S6*T6 -> 10 | V6: =IF(U6<=4,"Low",IF(U6<=9,"Moderate",IF(U6<=14,"High","Critical"))) -> High | W6: Open
A7: R06 | B7: Cloud Infrastructure | C7: Unmanaged cloud configuration or access could expose services/data or cause disruption. | D7: Cloud misconfiguration / unauthorized cloud access | E7: Cloud security responsibilities, baselines and review evidence not provided | F7: 3 | G7: 4 | H7: =F7*G7 -> 12 | I7: =IF(H7<=4,"Low",IF(H7<=9,"Moderate",IF(H7<=14,"High","Critical"))) -> High | J7: The case confirms cloud-based systems but not current cloud security controls. | K7: 3 | L7: 4 | M7: =K7*L7 -> 12 | N7: =IF(M7<=4,"Low",IF(M7<=9,"Moderate",IF(M7<=14,"High","Critical"))) -> High | O7: Mitigate | P7: Establish cloud security responsibilities, configuration baselines, access controls and periodic review. | Q7: Cloud/IT + Security | R7: Months 2-4 | S7: 2 | T7: 4 | U7: =S7*T7 -> 8 | V7: =IF(U7<=4,"Low",IF(U7<=9,"Moderate",IF(U7<=14,"High","Critical"))) -> Moderate | W7: Open
A8: R07 | B8: Servers / Applications / Endpoints | C8: Technical vulnerabilities may remain exploitable if identification and remediation are not governed consistently. | D8: Exploitation of known vulnerabilities | E8: Formal vulnerability-management process and remediation SLA evidence not provided | F8: 3 | G8: 4 | H8: =F8*G8 -> 12 | I8: =IF(H8<=4,"Low",IF(H8<=9,"Moderate",IF(H8<=14,"High","Critical"))) -> High | J8: No verified vulnerability-management evidence is provided. | K8: 3 | L8: 4 | M8: =K8*L8 -> 12 | N8: =IF(M8<=4,"Low",IF(M8<=9,"Moderate",IF(M8<=14,"High","Critical"))) -> High | O8: Mitigate | P8: Implement vulnerability scanning, risk-based remediation SLAs, exception handling and tracking. | Q8: IT/Security | R8: Months 2-4 | S8: 2 | T8: 4 | U8: =S8*T8 -> 8 | V8: =IF(U8<=4,"Low",IF(U8<=9,"Moderate",IF(U8<=14,"High","Critical"))) -> Moderate | W8: Open
A9: R08 | B9: Logs / Security Monitoring | C9: Insufficient logging or monitoring could delay detection of account misuse, attacks or transaction-related anomalies. | D9: Undetected malicious activity | E9: Logging standards and centralized monitoring evidence not provided | F9: 3 | G9: 4 | H9: =F9*G9 -> 12 | I9: =IF(H9<=4,"Low",IF(H9<=9,"Moderate",IF(H9<=14,"High","Critical"))) -> High | J9: No verified monitoring-control evidence is provided. | K9: 3 | L9: 4 | M9: =K9*L9 -> 12 | N9: =IF(M9<=4,"Low",IF(M9<=9,"Moderate",IF(M9<=14,"High","Critical"))) -> High | O9: Mitigate | P9: Define logging standards, centralize security-relevant logs, alert on priority events and review monitoring effectiveness. | Q9: Security/IT | R9: Months 2-4 | S9: 2 | T9: 4 | U9: =S9*T9 -> 8 | V9: =IF(U9<=4,"Low",IF(U9<=9,"Moderate",IF(U9<=14,"High","Critical"))) -> Moderate | W9: Open
A10: R09 | B10: Incident Management | C10: Reactive security decision-making may lead to inconsistent incident assessment, escalation, containment and lessons learned. | D10: Delayed or inconsistent incident response | E10: Incident governance and tested response procedures not evidenced | F10: 3 | G10: 4 | H10: =F10*G10 -> 12 | I10: =IF(H10<=4,"Low",IF(H10<=9,"Moderate",IF(H10<=14,"High","Critical"))) -> High | J10: The case indicates reactive security decision-making; response effectiveness is not evidenced. | K10: 3 | L10: 4 | M10: =K10*L10 -> 12 | N10: =IF(M10<=4,"Low",IF(M10<=9,"Moderate",IF(M10<=14,"High","Critical"))) -> High | O10: Mitigate | P10: Document incident roles, severity criteria, response procedures, evidence handling and lessons learned; run a tabletop exercise. | Q10: Security/GRC/Management | R10: Months 2-5 | S10: 2 | T10: 4 | U10: =S10*T10 -> 8 | V10: =IF(U10<=4,"Low",IF(U10<=9,"Moderate",IF(U10<=14,"High","Critical"))) -> Moderate | W10: Open
A11: R10 | B11: Payment Service Availability | C11: A technology, supplier or cyber disruption could make digital payment services unavailable and materially affect customers and operations. | D11: Cyberattack / technology outage / supplier outage | E11: Continuity, recovery objectives and tested recovery evidence not provided | F11: 3 | G11: 5 | H11: =F11*G11 -> 15 | I11: =IF(H11<=4,"Low",IF(H11<=9,"Moderate",IF(H11<=14,"High","Critical"))) -> Critical | J11: No verified continuity or recovery-test evidence is provided. | K11: 3 | L11: 5 | M11: =K11*L11 -> 15 | N11: =IF(M11<=4,"Low",IF(M11<=9,"Moderate",IF(M11<=14,"High","Critical"))) -> Critical | O11: Mitigate / Share | P11: Complete business impact analysis; define recovery objectives; test backups, continuity and supplier dependencies. | Q11: Operations/IT/Management | R11: Months 3-5 | S11: 2 | T11: 5 | U11: =S11*T11 -> 10 | V11: =IF(U11<=4,"Low",IF(U11<=9,"Moderate",IF(U11<=14,"High","Critical"))) -> High | W11: Open
A12: R11 | B12: Personal Information / Records | C12: Failure to identify and meet applicable privacy, legal or contractual requirements could cause regulatory, contractual and reputational harm. | D12: Compliance failure / privacy incident | E12: Formal obligations register and control evidence not provided | F12: 3 | G12: 5 | H12: =F12*G12 -> 15 | I12: =IF(H12<=4,"Low",IF(H12<=9,"Moderate",IF(H12<=14,"High","Critical"))) -> Critical | J12: The portfolio scenario places NovaPay in Ireland. A formal obligations register covering applicable Irish and EU requirements, including GDPR where relevant, is not provided. | K12: 3 | L12: 5 | M12: =K12*L12 -> 15 | N12: =IF(M12<=4,"Low",IF(M12<=9,"Moderate",IF(M12<=14,"High","Critical"))) -> Critical | O12: Mitigate | P12: Maintain obligations register; implement privacy/PII controls; retain evidence and periodically review compliance. | Q12: GRC/Legal/Management | R12: Months 2-5 | S12: 2 | T12: 5 | U12: =S12*T12 -> 10 | V12: =IF(U12<=4,"Low",IF(U12<=9,"Moderate",IF(U12<=14,"High","Critical"))) -> High | W12: Open
A13: R12 | B13: Source Code / Privileged Access | C13: Excessive privileged or repository access could allow unauthorized disclosure or alteration of source code and production-related configurations. | D13: Privileged misuse / credential compromise | E13: Privileged and repository access review evidence not provided | F13: 2 | G13: 5 | H13: =F13*G13 -> 10 | I13: =IF(H13<=4,"Low",IF(H13<=9,"Moderate",IF(H13<=14,"High","Critical"))) -> High | J13: No verified privileged-access review evidence is provided. | K13: 2 | L13: 5 | M13: =K13*L13 -> 10 | N13: =IF(M13<=4,"Low",IF(M13<=9,"Moderate",IF(M13<=14,"High","Critical"))) -> High | O13: Mitigate | P13: Restrict privileged and source-code access; review entitlements; protect repositories; log administrative actions. | Q13: Engineering/IT/Security | R13: Months 2-4 | S13: 1 | T13: 5 | U13: =S13*T13 -> 5 | V13: =IF(U13<=4,"Low",IF(U13<=9,"Moderate",IF(U13<=14,"High","Critical"))) -> Moderate | W13: Open

Sheet Summary
A1: NovaPay Solutions Ltd. - Cybersecurity Risk Register
A2: 5 x 5 qualitative risk model | Inherent, current residual and target residual risk
A4: Metric | B4: Value | D4: Portfolio Note
A5: Total risks | B5: =COUNTA('Risk Register'!A2:A100) -> 12 | D5: Risk scores are educational estimates for the case study, not production loss data. Where control effectiveness is not evidenced, current residual risk is conservatively kept equal to inherent risk. Target residual risk is the desired level after planned treatment is implemented and tested.
A6: Critical inherent risks | B6: =COUNTIF('Risk Register'!I2:I100,"Critical") -> 6
A7: High inherent risks | B7: =COUNTIF('Risk Register'!I2:I100,"High") -> 6
A8: Target Moderate risks | B8: =COUNTIF('Risk Register'!V2:V100,"Moderate") -> 7
A9: Open risks | B9: =COUNTIF('Risk Register'!W2:W100,"Open") -> 12
